"","species","treatment_continuous.trend","SE","df","t.ratio","p.value"
"1","BG",-0.012194658851282,0.00403852747414131,171.006699215695,-3.01958051031333,0.00291922847213229
"2","BM",-0.0049396411892786,0.00405547924443117,171.008772369442,-1.21801663664326,0.224895506055582
"3","LB",-6.02354617415971e-05,0.00404637566273276,171.00005499556,-0.0148862752157115,0.988140263439397
"4","SG",-0.0135897016177455,0.00404637566273276,171.00005499556,-3.35848738487309,0.000966169571549808
