"","species","treatment.trend","SE","df","z.ratio","p.value"
"1","BG",-0.0803261122606017,0.0252733995250549,Inf,-3.17828680629094,0.00148148124402641
"2","BM",-0.00750597018584817,0.0306551909557664,Inf,-0.244851522754461,0.806571398464646
"3","LB",0.01674685742814,0.0229468145970856,Inf,0.729811859388401,0.465505194354497
"4","SG",-0.0339677421271516,0.0259201952233275,Inf,-1.31047400818114,0.190035531475149
