"","species","treatment_continuous.trend","SE","df","t.ratio","p.value"
"1","BG",-0.0623286117962793,0.0117045262539722,171.000000000006,-5.32517168519542,3.13953863604534e-07
"2","BM",-0.00996660547610983,0.0117045262539722,171,-0.85151720452824,0.395673007210367
"3","LB",-0.0275780057431449,0.0117045262539722,171.000000000002,-2.35618299662368,0.0195966196507231
"4","SG",-0.0373048887621535,0.0117045262539722,171.000000000002,-3.18721902558791,0.0017081306753024
