"","species","treatment_continuous.trend","SE","df","t.ratio","p.value"
"1","BG",0.011652714790012,0.00369629778906991,171.006407114661,3.15253679626937,0.00191180917576054
"2","BM",0.00432852181967499,0.00371181319077259,171.008397934436,1.16614753954631,0.245178584374736
"3","LB",-0.00248951904002133,0.00370348066454762,171.000050383134,-0.672210621713999,0.502356866369163
"4","SG",0.012281079307606,0.00370348066454762,171.000050383134,3.31609110995753,0.00111484819384544
