"","Chisq","Df","Pr(>Chisq)"
"treatment",16.1022768753639,3,0.00108052523776135
"species",328.100751746823,3,8.22409922037981e-71
"organ",444.915444044603,1,9.21869585020636e-99
"treatment:species",17.8055524706308,9,0.0374976781393215
"treatment:organ",2.4471861838878,3,0.484911373759206
"species:organ",20.3960941302805,3,0.000140497510505491
"treatment:species:organ",9.67114222806978,9,0.377758037429352
