"","F","Df","Df.res","Pr(>F)"
"treatment",5.36793971327143,3,155.016802052299,0.00152627010716438
"species",109.358881029824,3,155.016802052299,4.51116648484506e-38
"organ",444.890038423301,1,155.021927010613,2.07607651080334e-47
"treatment:species",1.97820964135469,9,155.018867404281,0.045256006868875
"treatment:organ",0.815580751132596,3,155.017484093122,0.487072903419779
"species:organ",6.79867484592609,3,155.017484093122,0.000245919800204052
"treatment:species:organ",1.07453027437406,9,155.019631466096,0.384631133170705
