"","LR Chisq","Df","Pr(>Chisq)"
"treatment_factor",10.2145867965585,3,0.016827435427884
"species",41.710348217374,3,4.62206565935176e-09
"treatment_factor:species",17.323333320396,9,0.0438868995787045
