"","Chisq","Df","Pr(>Chisq)"
"treatment",34.8277803512182,3,1.32470402902388e-07
"species",184.05575428206,3,1.17369751084866e-39
"organ",151.641534695926,1,7.58877884336867e-35
"treatment:species",18.7968267456723,9,0.0269769342551815
"treatment:organ",8.03191268393629,3,0.045356750403883
"species:organ",8.90638520317354,3,0.0305617905510296
"treatment:species:organ",4.70378622982386,9,0.85932794765092
