"","F","Df","Df.res","Pr(>F)"
"treatment",11.6092601170728,3,155,6.6165996696192e-07
"species",61.3519180940198,3,155.000000000001,3.33843978979972e-26
"organ",151.641534695926,1,154.999999999999,9.84016354960753e-25
"treatment:species",2.08853630507471,9,154.999999999994,0.0336273786742173
"treatment:organ",2.67730422797877,3,154.999999999988,0.0490874212687004
"species:organ",2.96879506772451,3,154.999999999987,0.0337456422405401
"treatment:species:organ",0.522642914424873,9,155.000000000018,0.856556732463772
