"","F","Df","Df.res","Pr(>F)"
"treatment",4.51902213763231,3,155.015803009183,0.00455471359025909
"species",123.975907427003,3,155.015803009183,5.46939667232652e-41
"organ",416.641738099925,1,155.020625399704,8.80504325286195e-46
"treatment:species",2.28711874795805,9,155.017748001695,0.0194737629324302
"treatment:organ",1.02620957244822,3,155.016446196166,0.382731535006864
"species:organ",6.94967745964054,3,155.016446196164,0.000203134397215639
"treatment:species:organ",1.46787317389776,9,155.018468141564,0.16439530930597
