"","Chisq","Df","Pr(>Chisq)"
"treatment",13.5557062210035,3,0.00357674655153036
"species",371.951996390226,3,2.6302477774947e-80
"organ",416.665550103139,1,1.29788296206399e-92
"treatment:species",20.5851107377939,9,0.0146255792530594
"treatment:organ",3.07910856185364,3,0.379588286081513
"species:organ",20.8493904551203,3,0.00011313658573867
"treatment:species:organ",13.2112304170061,9,0.153278932305515
