"","Chisq","Df","Pr(>Chisq)"
"treatment",38.167001860073,3,2.60547496761306e-08
"species",167.823799220661,3,3.75367724268878e-36
"organ",621.960065135227,1,2.80189078133897e-137
"treatment:species",32.2791450479521,9,0.000178169002346148
"treatment:organ",8.2701715843432,3,0.0407459176912645
"species:organ",18.9667936820325,3,0.000277755309588496
"treatment:species:organ",8.68392728982555,9,0.466947018448654
