"","F","Df","Df.res","Pr(>F)"
"treatment_continuous",14.5036006556262,1,171.003124586427,0.000194770156223085
"species",107.765389445079,3,171.017808297964,3.25957712896171e-39
"organ",436.64826371674,1,171.02290147425,5.9120244636751e-49
"treatment_continuous:species",2.45935700346774,3,171.004145855259,0.0645045803786634
"treatment_continuous:organ",0.607969619238392,1,171.003130325256,0.43663114173852
"species:organ",6.63484399962448,3,171.017912322485,0.00028901512708937
"treatment_continuous:species:organ",1.41878237193542,3,171.004150983043,0.239017409681592
