"","F","Df","Df.res","Pr(>F)"
"treatment_continuous",34.3401327460067,1,171,2.32316790169554e-08
"species",62.0630501885731,3,171.000000000001,3.38467913721105e-27
"organ",153.399216697396,1,171.000000000004,1.47409319452252e-25
"treatment_continuous:species",3.4841219036853,3,171.000000000003,0.0171371628436155
"treatment_continuous:organ",6.89985081123045,1,171.000000000012,0.00940320294958413
"species:organ",3.00320646871078,3,171.000000000002,0.0319875830965736
"treatment_continuous:species:organ",0.411252076668407,3,170.999999999903,0.745122335305214
