"","F","Df","Df.res","Pr(>F)"
"treatment_continuous",12.1464705308525,1,171.002988596381,0.000624860673874764
"species",121.230235913223,3,171.01704405926,4.02282029462774e-42
"organ",406.159377908754,1,171.02191941285,4.87502092383066e-47
"treatment_continuous:species",3.53555502358209,3,171.003966169733,0.016028690986608
"treatment_continuous:organ",0.787236218986863,1,171.002994103772,0.37618332753017
"species:organ",6.77313287583031,3,171.017143942311,0.000242066946771071
"treatment_continuous:species:organ",2.04583710973306,3,171.003971088375,0.109323253947302
